INSERT INTO customer(customer_id,customer_name,gender,address,city,state,zip,date_of_birth,age,phone_number) VALUES ('033766','William Martinez','Male','1917 Whitaker Street','Savannah','GA','31401','1976-08-03','45','9346689034');
INSERT INTO customer(customer_id,customer_name,gender,address,city,state,zip,date_of_birth,age,phone_number) VALUES ('538197','Dorothy Brown','Female','4132 Carmichael Road','Montgomery','AL','36106','1987-01-21','34','3441072551');
INSERT INTO customer(customer_id,customer_name,gender,address,city,state,zip,date_of_birth,age,phone_number) VALUES ('116171','Maria Garcia','Female','450 C Street','Hayward','CA','94541','1951-03-10','70','3231321333');
INSERT INTO customer(customer_id,customer_name,gender,address,city,state,zip,date_of_birth,age,phone_number) VALUES ('291865','Susan Johnson','Female','3311 Wiley Post Loop','Anchorage','AK','99517','1985-03-13','36','1962041516');
INSERT INTO customer(customer_id,customer_name,gender,address,city,state,zip,date_of_birth,age,phone_number) VALUES ('868790','Susan Garcia','Female','2203 West 24th Street','Panama City','FL','32405','1989-12-29','31','3281845287');
INSERT INTO customer(customer_id,customer_name,gender,address,city,state,zip,date_of_birth,age,phone_number) VALUES ('468149','Linda Jones','Female','1842 West Park Place','Oklahoma City','OK','73106','1971-07-20','50','9403584551');
INSERT INTO customer(customer_id,customer_name,gender,address,city,state,zip,date_of_birth,age,phone_number) VALUES ('820995','Linda Garcia','Female','3079 North Bentley Ridge','Fayetteville','AR','72704','1978-07-08','43','3020097720');
INSERT INTO customer(customer_id,customer_name,gender,address,city,state,zip,date_of_birth,age,phone_number) VALUES ('324313','Mary Martinez','Female','1 Pond View Road','Proctor','VT','05765','1952-01-30','69','2854555465');
INSERT INTO customer(customer_id,customer_name,gender,address,city,state,zip,date_of_birth,age,phone_number) VALUES ('466838','David Jones','Male','599 Cambridge Street','Cambridge','MA','02141','1957-11-15','64','5694897512');
INSERT INTO customer(customer_id,customer_name,gender,address,city,state,zip,date_of_birth,age,phone_number) VALUES ('569442','Mary Davis','Female','5680 Eddins Road','Montgomery','AL','36117','1963-06-12','58','1400157248');
INSERT INTO customer(customer_id,customer_name,gender,address,city,state,zip,date_of_birth,age,phone_number) VALUES ('525459','Elizabeth Davis','Female','1124 Bluewillow Court','Nashville','TN','37013','1986-11-06','35','2765324106');
INSERT INTO customer(customer_id,customer_name,gender,address,city,state,zip,date_of_birth,age,phone_number) VALUES ('231561','Patricia Davis','Female','6862 North 44th Avenue','Glendale','AZ','85301','2000-09-25','21','4247700989');
INSERT INTO customer(customer_id,customer_name,gender,address,city,state,zip,date_of_birth,age,phone_number) VALUES ('742206','Margaret Williams','Female','4439 Gale Street','Livermore','CA','94550','1999-02-07','22','2572799641');
INSERT INTO customer(customer_id,customer_name,gender,address,city,state,zip,date_of_birth,age,phone_number) VALUES ('401842','John Smith','Male','33 South Hill Avenue','Fayetteville','AR','72701','1950-03-22','71','4602406525');
INSERT INTO customer(customer_id,customer_name,gender,address,city,state,zip,date_of_birth,age,phone_number) VALUES ('598987','Barbara Williams','Female','1267 Martin Street','Nashville','TN','37203','1998-07-08','23','9335643940');

INSERT INTO airport(airport_code,address,city,state,zip,country) VALUES ('LAX','1 World Way','Los Angeles','CA','90045','United States');
INSERT INTO airport(airport_code,address,city,state,zip,country) VALUES ('BOS','122 Harborside Dr','East Boston','MA','02128','United States');
INSERT INTO airport(airport_code,address,city,state,zip,country) VALUES ('ATL','6000 N Terminal Pkwy','Atlanta','GA','30320','United States');
INSERT INTO airport(airport_code,address,city,state,zip,country) VALUES ('DFW','2400 Aviation Dr','Dallas','TX','75261','United States');
INSERT INTO airport(airport_code,address,city,state,zip,country) VALUES ('DEN','8500 Pena Blvd','Denver','CO','80249','United States');
INSERT INTO airport(airport_code,address,city,state,zip,country) VALUES ('JFK','Building 14','Jamaica','NY','11430','United States');
INSERT INTO airport(airport_code,address,city,state,zip,country) VALUES ('SFO','780 S Airport Blvd','San Francisco','CA','94128','United States');
INSERT INTO airport(airport_code,address,city,state,zip,country) VALUES ('CLT','5501 Josh Birmingham Pkwy','Charlotte','NC','28208','United States');
INSERT INTO airport(airport_code,address,city,state,zip,country) VALUES ('LAS','5757 Wayne Newton Blvd','Las Vegas','NV','89119','United States');
INSERT INTO airport(airport_code,address,city,state,zip,country) VALUES ('ORD','10000 W OHare Ave','Chicago','IL','60666','United States');

INSERT INTO gate(airport_code,gate_id,terminal) VALUES ('LAX','A64','Domestic');
INSERT INTO gate(airport_code,gate_id,terminal) VALUES ('BOS','A38','Domestic');
INSERT INTO gate(airport_code,gate_id,terminal) VALUES ('ATL','B73','Domestic');
INSERT INTO gate(airport_code,gate_id,terminal) VALUES ('DFW','B58','Domestic');
INSERT INTO gate(airport_code,gate_id,terminal) VALUES ('DEN','D19','Domestic');
INSERT INTO gate(airport_code,gate_id,terminal) VALUES ('JFK','F04','Domestic');
INSERT INTO gate(airport_code,gate_id,terminal) VALUES ('SFO','C64','Domestic');
INSERT INTO gate(airport_code,gate_id,terminal) VALUES ('CLT','A42','Domestic');
INSERT INTO gate(airport_code,gate_id,terminal) VALUES ('LAS','C14','Domestic');
INSERT INTO gate(airport_code,gate_id,terminal) VALUES ('ORD','B63','Domestic');

INSERT INTO pilot(pilot_num,pilot_name,gender,airline,address,city,state,zip,phone_number,date_of_birth,age) VALUES ('767279','Jennifer Smith','Female','United','337 South Drive','Severna Park','MD','21146','2352071047','2002-05-18','19');
INSERT INTO pilot(pilot_num,pilot_name,gender,airline,address,city,state,zip,phone_number,date_of_birth,age) VALUES ('716163','David Johnson','Male','Spirit','4012 Heritage Place Drive','Norman','OK','73072','8859842205','1954-10-02','67');
INSERT INTO pilot(pilot_num,pilot_name,gender,airline,address,city,state,zip,phone_number,date_of_birth,age) VALUES ('606456','Margaret Garcia','Female','Spirit','1363 Dean Forest Road','Savannah','GA','31405','6547468772','1986-12-24','34');
INSERT INTO pilot(pilot_num,pilot_name,gender,airline,address,city,state,zip,phone_number,date_of_birth,age) VALUES ('420263','Linda Rodriguez','Female','American','1309 Graniteville Road','Williamstown','VT','05679','9427404084','2006-04-01','15');
INSERT INTO pilot(pilot_num,pilot_name,gender,airline,address,city,state,zip,phone_number,date_of_birth,age) VALUES ('801470','Richard Brown','Male','United','44 Colonial Road','Manchester','CT','06042','3365526679','1976-06-26','45');

INSERT INTO attendant(attendant_num,attendant_name,gender,airline,address,city,state,zip,phone_number,date_of_birth,age) VALUES ('867523','Elizabeth Jones','Female','JetBlue','6225 West Citrus Way','Glendale','AZ','85301','9330732786','1975-09-05','46');
INSERT INTO attendant(attendant_num,attendant_name,gender,airline,address,city,state,zip,phone_number,date_of_birth,age) VALUES ('105173','Thomas Brown','Male','American','594 Putnam Avenue','Cambridge','MA','02139','7655238015','1994-03-19','27');
INSERT INTO attendant(attendant_num,attendant_name,gender,airline,address,city,state,zip,phone_number,date_of_birth,age) VALUES ('906097','Linda Smith','Female','United','325 Autumn Street','Manchester','CT','06040','6052943789','1955-07-31','66');
INSERT INTO attendant(attendant_num,attendant_name,gender,airline,address,city,state,zip,phone_number,date_of_birth,age) VALUES ('256769','James Davis','Male','United','618 Staley Avenue','Hayward','CA','94541','6866406359','1990-01-06','31');
INSERT INTO attendant(attendant_num,attendant_name,gender,airline,address,city,state,zip,phone_number,date_of_birth,age) VALUES ('834306','John Miller','Male','United','3142 West Finger Road','Fayetteville','AR','72701','8643027531','2004-02-16','17');

INSERT INTO flight(flight_num,plane_type,airline,depart_airport,arrive_airport,depart_gate,arrive_gate,max_seats,is_international,has_pilot,is_full) VALUES ('332067','Boeing 777','American','LAX','DFW','A64','B58','1','0','0','0');
INSERT INTO flight(flight_num,plane_type,airline,depart_airport,arrive_airport,depart_gate,arrive_gate,max_seats,is_international,has_pilot,is_full) VALUES ('745860','Airbus A320','Frontier','ORD','SFO','B63','C64','1','0','0','0');
INSERT INTO flight(flight_num,plane_type,airline,depart_airport,arrive_airport,depart_gate,arrive_gate,max_seats,is_international,has_pilot,is_full) VALUES ('089332','Airbus A321','SouthWest','LAX','DFW','A64','B58','4','0','1','0');
INSERT INTO flight(flight_num,plane_type,airline,depart_airport,arrive_airport,depart_gate,arrive_gate,max_seats,is_international,has_pilot,is_full) VALUES ('345043','Airbus A321','American','JFK','LAS','F04','C14','4','0','0','0');
INSERT INTO flight(flight_num,plane_type,airline,depart_airport,arrive_airport,depart_gate,arrive_gate,max_seats,is_international,has_pilot,is_full) VALUES ('968627','Airbus A320','SouthWest','LAX','CLT','A64','A42','4','0','0','0');
INSERT INTO flight(flight_num,plane_type,airline,depart_airport,arrive_airport,depart_gate,arrive_gate,max_seats,is_international,has_pilot,is_full) VALUES ('834970','Boeing 747','SouthWest','ATL','DEN','B73','D19','1','0','1','0');
INSERT INTO flight(flight_num,plane_type,airline,depart_airport,arrive_airport,depart_gate,arrive_gate,max_seats,is_international,has_pilot,is_full) VALUES ('626401','Boeing 777','Frontier','CLT','BOS','A42','A38','3','0','0','0');
INSERT INTO flight(flight_num,plane_type,airline,depart_airport,arrive_airport,depart_gate,arrive_gate,max_seats,is_international,has_pilot,is_full) VALUES ('969325','Airbus A321','American','JFK','CLT','F04','A42','4','0','0','0');
INSERT INTO flight(flight_num,plane_type,airline,depart_airport,arrive_airport,depart_gate,arrive_gate,max_seats,is_international,has_pilot,is_full) VALUES ('783124','Airbus A320','United','ATL','LAS','B73','C14','1','0','0','0');
INSERT INTO flight(flight_num,plane_type,airline,depart_airport,arrive_airport,depart_gate,arrive_gate,max_seats,is_international,has_pilot,is_full) VALUES ('037700','Airbus A320','Spirit','ORD','ATL','B63','B73','2','0','1','0');
INSERT INTO flight(flight_num,plane_type,airline,depart_airport,arrive_airport,depart_gate,arrive_gate,max_seats,is_international,has_pilot,is_full) VALUES ('286224','Boeing 747','SouthWest','ATL','LAX','B73','A64','2','0','1','0');
INSERT INTO flight(flight_num,plane_type,airline,depart_airport,arrive_airport,depart_gate,arrive_gate,max_seats,is_international,has_pilot,is_full) VALUES ('221711','Airbus A321','American','LAS','DEN','C14','D19','4','0','0','0');
INSERT INTO flight(flight_num,plane_type,airline,depart_airport,arrive_airport,depart_gate,arrive_gate,max_seats,is_international,has_pilot,is_full) VALUES ('414164','Boeing 747','JetBlue','LAX','JFK','A64','F04','3','0','0','0');

INSERT INTO seat(flight_num,seat_num,is_booked) VALUES ('332067','06A','1');
INSERT INTO seat(flight_num,seat_num,is_booked) VALUES ('745860','19A','0');
INSERT INTO seat(flight_num,seat_num,is_booked) VALUES ('089332','24B','0');
INSERT INTO seat(flight_num,seat_num,is_booked) VALUES ('089332','01E','0');
INSERT INTO seat(flight_num,seat_num,is_booked) VALUES ('089332','03C','0');
INSERT INTO seat(flight_num,seat_num,is_booked) VALUES ('089332','07B','0');
INSERT INTO seat(flight_num,seat_num,is_booked) VALUES ('345043','26D','1');
INSERT INTO seat(flight_num,seat_num,is_booked) VALUES ('345043','11B','0');
INSERT INTO seat(flight_num,seat_num,is_booked) VALUES ('345043','21C','0');
INSERT INTO seat(flight_num,seat_num,is_booked) VALUES ('345043','22F','0');
INSERT INTO seat(flight_num,seat_num,is_booked) VALUES ('968627','29F','1');
INSERT INTO seat(flight_num,seat_num,is_booked) VALUES ('968627','01F','0');
INSERT INTO seat(flight_num,seat_num,is_booked) VALUES ('968627','20F','0');
INSERT INTO seat(flight_num,seat_num,is_booked) VALUES ('968627','07F','0');
INSERT INTO seat(flight_num,seat_num,is_booked) VALUES ('834970','04C','1');
INSERT INTO seat(flight_num,seat_num,is_booked) VALUES ('626401','10D','0');
INSERT INTO seat(flight_num,seat_num,is_booked) VALUES ('626401','17B','0');
INSERT INTO seat(flight_num,seat_num,is_booked) VALUES ('626401','13D','0');
INSERT INTO seat(flight_num,seat_num,is_booked) VALUES ('969325','01F','0');
INSERT INTO seat(flight_num,seat_num,is_booked) VALUES ('969325','25F','0');
INSERT INTO seat(flight_num,seat_num,is_booked) VALUES ('969325','12D','0');
INSERT INTO seat(flight_num,seat_num,is_booked) VALUES ('969325','08D','0');
INSERT INTO seat(flight_num,seat_num,is_booked) VALUES ('783124','04F','1');
INSERT INTO seat(flight_num,seat_num,is_booked) VALUES ('037700','03C','0');
INSERT INTO seat(flight_num,seat_num,is_booked) VALUES ('037700','11B','0');
INSERT INTO seat(flight_num,seat_num,is_booked) VALUES ('286224','01C','1');
INSERT INTO seat(flight_num,seat_num,is_booked) VALUES ('286224','07A','0');
INSERT INTO seat(flight_num,seat_num,is_booked) VALUES ('221711','01F','1');
INSERT INTO seat(flight_num,seat_num,is_booked) VALUES ('221711','20F','0');
INSERT INTO seat(flight_num,seat_num,is_booked) VALUES ('221711','20E','0');
INSERT INTO seat(flight_num,seat_num,is_booked) VALUES ('221711','10A','0');
INSERT INTO seat(flight_num,seat_num,is_booked) VALUES ('414164','06B','0');
INSERT INTO seat(flight_num,seat_num,is_booked) VALUES ('414164','12A','0');
INSERT INTO seat(flight_num,seat_num,is_booked) VALUES ('414164','22A','0');

INSERT INTO trip(trip_id,arrive_airport,depart_airport,customer_id,flight_num,seat_num) VALUES ('060350','DFW','LAX','868790','332067','06A');
INSERT INTO trip(trip_id,arrive_airport,depart_airport,customer_id,flight_num,seat_num) VALUES ('586250','LAX','ATL','868790','286224','01C');
INSERT INTO trip(trip_id,arrive_airport,depart_airport,customer_id,flight_num,seat_num) VALUES ('245735','LAS','ATL','291865','783124','04F');
INSERT INTO trip(trip_id,arrive_airport,depart_airport,customer_id,flight_num,seat_num) VALUES ('166644','DEN','ATL','401842','834970','04C');
INSERT INTO trip(trip_id,arrive_airport,depart_airport,customer_id,flight_num,seat_num) VALUES ('352897','CLT','LAX','291865','968627','29F');
INSERT INTO trip(trip_id,arrive_airport,depart_airport,customer_id,flight_num,seat_num) VALUES ('849287','LAS','JFK','820995','345043','26D');
INSERT INTO trip(trip_id,arrive_airport,depart_airport,customer_id,flight_num,seat_num) VALUES ('448380','DEN','LAS','466838','221711','01F');

INSERT INTO pilots_flight(pilot_num,flight_num) VALUES ('801470','089332');
INSERT INTO pilots_flight(pilot_num,flight_num) VALUES ('420263','286224');
INSERT INTO pilots_flight(pilot_num,flight_num) VALUES ('716163','037700');
INSERT INTO pilots_flight(pilot_num,flight_num) VALUES ('420263','834970');
INSERT INTO pilots_flight(pilot_num,flight_num) VALUES ('716163','414164');
INSERT INTO pilots_flight(pilot_num,flight_num) VALUES ('420263','221711');

INSERT INTO attends_flight(attendant_num,flight_num) VALUES ('834306','968627');
INSERT INTO attends_flight(attendant_num,flight_num) VALUES ('105173','089332');
INSERT INTO attends_flight(attendant_num,flight_num) VALUES ('906097','834970');
INSERT INTO attends_flight(attendant_num,flight_num) VALUES ('256769','037700');
INSERT INTO attends_flight(attendant_num,flight_num) VALUES ('256769','414164');